Название;Страна механизма;цена;колличество отзывов
Мужские стальные часы;Механизм                            Япония;3 900руб.-70%;12
Мужские стальные часы;Механизм                            Япония;3 000руб.-70%;23
Мужские стальные часы;Механизм                            Япония;15 600руб.-70%;8
Мужские стальные часы;Механизм                            Япония;15 600руб.-70%;9
Стальные часы унисекс;Механизм                            Япония;3 000руб.-70%;16
Стальные часы унисекс;Механизм                            Япония;2 880руб.-70%;25
Стальные часы унисекс;Механизм                            Япония;2 520руб.-70%;23
Мужские стальные часы;Механизм                            Япония;2 520руб.-70%;24
Стальные часы унисекс;Механизм                            Япония;2 520руб.-70%;13
Мужские стальные часы;Механизм                            Япония;2 520руб.-70%;4
Мужские стальные часы;Механизм                            Япония;7 800руб.-70%;13
Мужские стальные часы;Механизм                            Япония;9 900руб.-70%;14
Мужские стальные часы;Механизм                            Япония;10 800руб.-70%;13
Мужские стальные часы;Механизм                            Япония;10 800руб.-70%;18
Мужские золотые часы;Механизм                            Швейцария;114 000руб.-70%;6
Мужские золотые часы;Механизм                            Швейцария;129 000руб.-70%;9
Мужские золотые часы;Механизм                            Швейцария;129 000руб.-70%;6
Мужские часы из золота и стали;Механизм                            Швейцария;46 500руб.-70%;8
Мужские стальные часы;Механизм                            Япония;6 600руб.-70%;22
Мужские стальные часы;Механизм                            Япония;4 050руб.-70%;
Мужские стальные часы;Механизм                            Япония;4 350руб.-70%;4
Мужские стальные часы;Механизм                            Япония;4 950руб.-70%;9
Мужские стальные часы;Механизм                            Япония;5 100руб.-70%;2
Мужские стальные часы;Механизм                            Япония;2 220руб.-70%;11
Мужские стальные часы;Механизм                            Япония;2 760руб.-70%;22
Мужские стальные часы;Механизм                            Япония;2 280руб.-70%;6
Мужские стальные часы;Механизм                            Япония;2 100руб.-70%;5
Мужские часы из золота и стали;Механизм                            Швейцария;45 000руб.-55%;25
Мужские часы из золота и стали;Механизм                            Швейцария;49 500руб.-55%;18
Мужские часы из золота и стали Black Edition;Механизм                            Швейцария;47 250руб.-55%;19
Мужские часы из золота и стали Black Edition;Механизм                            Швейцария;56 250руб.-55%;38
Мужские золотые часы;Механизм                            Швейцария;108 000руб.-55%;9
Мужские золотые часы;Механизм                            Швейцария;121 500руб.-55%;13
Мужские золотые часы;Механизм                            Швейцария;135 000руб.-55%;16
Мужские золотые часы;Механизм                            Швейцария;108 000руб.-55%;8
Мужские серебряные часы;Механизм                            Швейцария;29 700руб.-55%;16
Мужские серебряные часы;Механизм                            Швейцария;28 350руб.-55%;7
Мужские серебряные часы;Механизм                            Швейцария;31 050руб.-55%;21
Мужские серебряные часы;Механизм                            Швейцария;31 050руб.-55%;9
Мужские серебряные часы;Механизм                            Швейцария;30 150руб.-55%;19
Мужские серебряные часы;Механизм                            Швейцария;30 150руб.-55%;10
Мужские серебряные часы;Механизм                            Швейцария;38 250руб.-55%;14
Мужские серебряные часы;Механизм                            Швейцария;36 000руб.-55%;12
Мужские стальные часы;Механизм                            Япония;14 400руб.-55%;25
Мужские стальные часы;Механизм                            Япония;14 400руб.-55%;23
Мужские стальные часы;Механизм                            Япония;13 500руб.-55%;40
Мужские стальные часы;Механизм                            Япония;14 850руб.-55%;37
Мужские стальные часы;Механизм                            Япония;8 100руб.-55%;24
Мужские стальные часы;Механизм                            Япония;9 900руб.-55%;23
Мужские стальные часы;Механизм                            Япония;9 900руб.-55%;17
Мужские стальные часы;Механизм                            Япония;18 900руб.-55%;13
Мужские стальные часы;Механизм                            Япония;18 900руб.-55%;10
Мужские стальные часы;Механизм                            Япония;17 100руб.-55%;14
Мужские стальные часы;Механизм                            Япония;19 800руб.-55%;19
Мужские стальные часы;Механизм                            Япония;5 170руб.-55%;12
Мужские стальные часы;Механизм                            Япония;7 200руб.-55%;12
Мужские стальные часы;Механизм                            Япония;6 070руб.-55%;14
Мужские стальные часы;Механизм                            Япония;7 200руб.-55%;28
Мужские стальные часы;Механизм                            Япония;4 050руб.-55%;1
Мужские стальные часы;Механизм                            Япония;4 050руб.-55%;
Мужские стальные часы;Механизм                            Япония;6 970руб.-55%;
Мужские стальные часы;Механизм                            Япония;4 950руб.-55%;
Мужские серебряные часы;Механизм                            Швейцария;34 500руб.-70%;15
Мужские серебряные часы;Механизм                            Швейцария;19 800руб.-70%;17
Мужские стальные часы;Механизм                            Япония;6 900руб.-70%;17
Мужские стальные часы;Механизм                            Япония;6 600руб.-70%;14
Мужские стальные часы;Механизм                            Япония;11 100руб.-70%;20
Мужские стальные часы;Механизм                            Япония;4 950руб.-70%;13
Стальные часы унисекс;Механизм                            Япония;3 900руб.-70%;3
Мужские часы из золота и стали;Механизм                            Швейцария;34 650руб.-55%;8
Мужские часы из золота и стали;Механизм                            Швейцария;32 850руб.-55%;14
Мужские часы из золота и стали;Механизм                            Швейцария;44 550руб.-55%;7
